id,name,substitute0,substitute1,substitute2,substitute3,substitute4,sideEffect0,sideEffect1,sideEffect2,sideEffect3,sideEffect4,sideEffect5,sideEffect6,sideEffect7,sideEffect8,sideEffect9,sideEffect10,sideEffect11,sideEffect12,sideEffect13,sideEffect14,sideEffect15,sideEffect16,sideEffect17,sideEffect18,sideEffect19,sideEffect20,sideEffect21,sideEffect22,sideEffect23,sideEffect24,sideEffect25,sideEffect26,sideEffect27,sideEffect28,sideEffect29,sideEffect30,sideEffect31,sideEffect32,sideEffect33,sideEffect34,sideEffect35,sideEffect36,sideEffect37,sideEffect38,sideEffect39,sideEffect40,sideEffect41,use0,use1,use2,use3,use4,Chemical Class,Habit Forming,Therapeutic Class,Action Class
1,augmentin 625 duo tablet,Penciclav 500 mg/125 mg Tablet,Moxikind-CV 625 Tablet,Moxiforce-CV 625 Tablet,Fightox 625 Tablet,Novamox CV 625mg Tablet,Vomiting,Nausea,Diarrhea,,,,,,,,,,,,,,,,,,,,,,,,,,,,,,,,,,,,,,,,Treatment of Bacterial infections,,,,,NA,No,ANTI INFECTIVES,NA
2,azithral 500 tablet,Zithrocare 500mg Tablet,Azax 500 Tablet,Zady 500 Tablet,Cazithro 500mg Tablet,Trulimax 500mg Tablet,Vomiting,Nausea,Abdominal pain,Diarrhea,,,,,,,,,,,,,,,,,,,,,,,,,,,,,,,,,,,,,,,Treatment of Bacterial infections,,,,,Macrolides,No,ANTI INFECTIVES,Macrolides
3,ascoril ls syrup,Solvin LS Syrup,Ambrodil-LX Syrup,Zerotuss XP Syrup,Capex LS Syrup,Broxum LS Syrup,Nausea,Vomiting,Diarrhea,Upset stomach,Stomach pain,Allergic reaction,Dizziness,Headache,Rash,Hives,Tremors,Palpitations,Muscle cramp,Increased heart rate,,,,,,,,,,,,,,,,,,,,,,,,,,,,,Treatment of Cough with mucus,,,,,NA,No,RESPIRATORY,NA
4,allegra 120mg tablet,Lcfex Tablet,Etofex 120mg Tablet,Nexofex 120mg Tablet,Fexise 120mg Tablet,Histafree 120 Tablet,Headache,Drowsiness,Dizziness,Nausea,,,,,,,,,,,,,,,,,,,,,,,,,,,,,,,,,,,,,,,Treatment of Sneezing and runny nose due to allergies,Treatment of Allergic conditions,,,,Diphenylmethane Derivative,No,RESPIRATORY,H1 Antihistaminics (second Generation)
5,avil 25 tablet,Eralet 25mg Tablet,,,,,Sleepiness,Dryness in mouth,,,,,,,,,,,,,,,,,,,,,,,,,,,,,,,,,,,,,,,,,Treatment of Allergic conditions,,,,,Pyridines Derivatives,No,RESPIRATORY,H1 Antihistaminics (First Generation)
6,allegra-m tablet,Emlukast-FX Tablet,LCFEX-Mont Tablet,Fixar 10mg/120mg Tablet,Histakind-M Tablet,Histafree-M Tablet,Nausea,Diarrhea,Vomiting,Skin rash,Flu-like symptoms,Headache,Drowsiness,Dizziness,,,,,,,,,,,,,,,,,,,,,,,,,,,,,,,,,,,Treatment of Sneezing and runny nose due to allergies,,,,,NA,No,RESPIRATORY,NA
7,amoxyclav 625 tablet,Penciclav 500 mg/125 mg Tablet,Moxikind-CV 625 Tablet,Moxiforce-CV 625 Tablet,Fightox 625 Tablet,Novamox CV 625mg Tablet,Vomiting,Nausea,Diarrhea,,,,,,,,,,,,,,,,,,,,,,,,,,,,,,,,,,,,,,,,Treatment of Bacterial infections,,,,,NA,No,ANTI INFECTIVES,NA
8,azee 500 tablet,Zithrocare 500mg Tablet,Azax 500 Tablet,Zady 500 Tablet,Cazithro 500mg Tablet,Trulimax 500mg Tablet,Vomiting,Nausea,Abdominal pain,Diarrhea,,,,,,,,,,,,,,,,,,,,,,,,,,,,,,,,,,,,,,,Treatment of Bacterial infections,,,,,Macrolides,No,ANTI INFECTIVES,Macrolides
9,atarax 25mg tablet,HD Zine 25mg Tablet,Hyzox 25 Tablet,Hizet 25mg Tablet,Hydil 25mg Tablet,Zyzine 25mg Tablet,Sedation,Nausea,Vomiting,Upset stomach,Constipation,,,,,,,,,,,,,,,,,,,,,,,,,,,,,,,,,,,,,,Treatment of Anxiety,Treatment of Skin conditions with inflammation & itching,,,,Piperazine Derivative,No,RESPIRATORY,H1 Antihistaminics (First Generation)
10,ascoril d plus syrup sugar free,Arnikof D Syrup,Cofsolve-D Syrup,Tucin D Syrup,Akof-D Syrup Sugar Free,Krisbro D Syrup,Nausea,Vomiting,Loss of appetite,Headache,,,,,,,,,,,,,,,,,,,,,,,,,,,,,,,,,,,,,,,Treatment of Dry cough,,,,,NA,No,RESPIRATORY,NA
11,aciloc 150 tablet,Zinemac 150 Tablet,Monoloc 150mg Tablet,Ranitas 150mg Tablet,Ranloc 150mg Tablet,Zynol 150mg Tablet,Headache,Diarrhea,Gastrointestinal disturbance,,,,,,,,,,,,,,,,,,,,,,,,,,,,,,,,,,,,,,,,Treatment of Gastroesophageal reflux disease (Acid reflux),Treatment of Peptic ulcer disease,,,,Aralkylamines Derivative,No,GASTRO INTESTINAL,H2 Receptor Blocker
12,alex syrup,Alkof Junior Syrup,Respicure-D Syrup,Torex Junior Syrup,Chericof Syrup,Respicure-D Syrup,Nausea,Vomiting,Loss of appetite,Headache,,,,,,,,,,,,,,,,,,,,,,,,,,,,,,,,,,,,,,,Treatment of Dry cough,,,,,NA,No,RESPIRATORY,NA
13,anovate cream,Pilo GO Cream,PileClear Cream,Proctosedyl BD Cream,,,"Application site reactions (burning, irritation, itching and redness)",,,,,,,,,,,,,,,,,,,,,,,,,,,,,,,,,,,,,,,,,,Treatment of Piles,,,,,NA,No,DERMA,NA
14,augmentin duo oral suspension,Goldclav Oral Suspension,Moxiclip Dry Syrup,Tervis DS Oral Suspension,Bestomax Dry Syrup,Amoxyril-CV Dry Syrup,Nausea,Vomiting,Abdominal pain,Diarrhea,Allergy,Skin rash,,,,,,,,,,,,,,,,,,,,,,,,,,,,,,,,,,,,,Treatment of Resistance Tuberculosis (TB),Treatment of Bacterial infections,,,,NA,No,ANTI INFECTIVES,NA
15,ambrodil-s syrup,,,,,,Headache,Palpitations,Upset stomach,Tremors,Muscle cramp,Allergic reaction,Increased heart rate,,,,,,,,,,,,,,,,,,,,,,,,,,,,,,,,,,,,Treatment of Cough,,,,,NA,No,RESPIRATORY,NA
16,arkamin tablet,Albamine 100mcg Tablet,Arkapres 100 Tablet,Cloud 100mcg Tablet,Closidin 100mcg Tablet,Cata-Dict 0.1 Tablet,Dizziness,Dryness in mouth,Headache,Nausea,Fatigue,Orthostatic hypotension (sudden lowering of blood pressure on standing),Erectile dysfunction,Enlarged salivary gland,,,,,,,,,,,,,,,,,,,,,,,,,,,,,,,,,,,Treatment of Hypertension (high blood pressure),,,,,Imidazoline derivative,No,CARDIAC,Alpha 2-adrenoceptors agonist (Central sympatholytics)
17,avomine tablet,Propazine Tablet,Progene 25mg Tablet,Proz 25mg Tablet,Prometh 25mg Tablet,Emin 25mg Tablet,Unusual production of breast milk in women and men,,,,,,,,,,,,,,,,,,,,,,,,,,,,,,,,,,,,,,,,,,Treatment of Nausea,Treatment of Vomiting,Treatment of Allergic conditions,Treatment of Motion sickness,,Phenothiazine Derivative,No,GASTRO INTESTINAL,H1 Antihistaminics (First Generation)
18,asthakind-dx syrup sugar free,Wytuss-DMR Syrup Mint Sugar Free,Dcrocof-DX Syrup Sugar Free,Broxino-DX Syrup Sugar Free,Imotus D Syrup,Brikuff-DX Syrup,Nausea,Vomiting,Loss of appetite,Headache,,,,,,,,,,,,,,,,,,,,,,,,,,,,,,,,,,,,,,,Treatment of Dry cough,,,,,NA,No,RESPIRATORY,NA
19,allegra 180mg tablet,Lcfex 180 Tablet,Fexofen 180mg Tablet,Mavifex 180mg Tablet,Histafree 180 Tablet,Vilofex 180 Tablet,Headache,Drowsiness,Dizziness,Nausea,,,,,,,,,,,,,,,,,,,,,,,,,,,,,,,,,,,,,,,Treatment of Sneezing and runny nose due to allergies,Treatment of Allergic conditions,,,,Diphenylmethane Derivative,No,RESPIRATORY,H1 Antihistaminics (second Generation)
20,albendazole 400mg tablet,Olworm 400mg Tablet,Zeebee Tablet,Zybend Tablet,Albekem 400mg Tablet,Sezole 400mg Tablet,Vomiting,Dizziness,Increased liver enzymes,Nausea,Loss of appetite,,,,,,,,,,,,,,,,,,,,,,,,,,,,,,,,,,,,,,Treatment of Parasitic infections,,,,,2-Benzimidazolylcarbamic acid esters,No,ANTI INFECTIVES,Antiprotozoal agents
21,asthalin syrup,Brethmol 2mg/5ml Syrup,Salvent 2mg Syrup,Ralbet 2mg Syrup,Asthabon 2mg Syrup,VENTORLIN 2MG/5ML SYRUP,Tremors,Headache,Palpitations,Increased heart rate,Muscle cramp,,,,,,,,,,,,,,,,,,,,,,,,,,,,,,,,,,,,,,Treatment of Chronic obstructive pulmonary disease (COPD),,,,,Benzyl Alcohols Derivatives,No,RESPIRATORY,Short acting Î²2-agonists
22,alprax 0.25 tablet,Alltop 0.25mg Tablet,Alprasafe 0.25mg Tablet,Nindra 0.25mg Tablet,Alora 0.25mg Tablet,Exal 0.25mg Tablet,Lightheadedness,Drowsiness,,,,,,,,,,,,,,,,,,,,,,,,,,,,,,,,,,,,,,,,,Treatment of Anxiety,Treatment of Panic disorder,,,,Benzodiazepines Derivative,Yes,NEURO CNS,Benzodiazepines
23,altraday capsule sr,Krd AR 200mg/20mg Capsule SR,Rient-A Capsule SR,Rabispan-AC Capsule SR,Douxrab Ace 200mg/20mg Capsule SR,Rabewan AC 200mg/20mg Capsule SR,Nausea,Flatulence,Indigestion,Diarrhea,Constipation,,,,,,,,,,,,,,,,,,,,,,,,,,,,,,,,,,,,,, Pain relief,,,,,NA,No,PAIN ANALGESICS,NA
24,ativan 2mg tablet,Zepnap 2mg Tablet,Lorel 2mg Tablet,Texina 2mg Tablet,Larpose 2mg Tablet,Zelor 2mg Tablet,Fatigue,Balance disorder (loss of balance),Dizziness,Sleepiness,,,,,,,,,,,,,,,,,,,,,,,,,,,,,,,,,,,,,,,Treatment of Short term anxiety,Treatment of Anxiety disorder,,,,Benzodiazepines Derivative,Yes,RESPIRATORY,Benzodiazepines
25,ascoril ls junior syrup,Bronkolyte Levo PD Syrup,Nakuf LS Syrup,Cleartuss LS Syrup,Chericof-LS Junior Syrup,Ventiphylline LS Junior Syrup,Nausea,Vomiting,Diarrhea,Upset stomach,Stomach pain,Allergic reaction,Dizziness,Headache,Rash,Hives,Tremors,Palpitations,Muscle cramp,Increased heart rate,,,,,,,,,,,,,,,,,,,,,,,,,,,,,Treatment of Cough with mucus,,,,,NA,No,RESPIRATORY,NA